Product name,Brand,Category/type,Ingredients,Size/packaging,Product image URL,Product page URL,official_product_page,country_of_origin,additional_description,source
"Anua – Heartleaf LHA Moisture Peeling Gel, 120ml",Anua,exfoliants;cleanser,Heartleaf (Houttuynia Cordata) Extract;LHA (Lipo Hydroxy Acid);Panthenol (Vitamin B5);Allantoin;Hyaluronic Acid;Centella Asiatica Extract,120 ml,https://qudobeauty.com/wp-content/uploads/2025/04/anua-us-cleanser-200ml-heartleaf-lha-moisture-peeling-gel-1161189356-300x300.webp,https://qudobeauty.com/product/anua-heartleaf-lha-moisture-peeling-gel-120ml/,https://www.banglashoppers.com/anua-heartleaf-lha-moisture-peeling-gel-120ml.html,Korea,Anua Heartleaf Lha Moisture Peeling Gel 120ml The Anua Heartleaf LHA ... 120ml / All Skin Types / Made in Korea. Information. More Information. Solution ...,Google
"APLB – Glutathione Niacinamide Facial Cleanser, 80ml",APLB,cleanser,Glutathione;Niacinamide (Vitamin B3);Panthenol (Vitamin B5);Hyaluronic Acid;Allantoin;Adenosine,80 ml,https://qudobeauty.com/wp-content/uploads/2025/04/res_1378ca8c16a4c7bdec29f75ef7e28d36-300x300.avif,https://qudobeauty.com/product/aplb-glutathione-niacinamide-facial-cleanser-80-ml/,https://www.bahaarehusn.com/view-product/aplb-glutathione-niacinamide-facial-cleanser-80ml,Korea,APLB Glutathione Niacinamide Facial Cleanser 80ml. Select Size: 80-ML ... Made in Korea. 01337680299. DESCRIPTION. Reveal a more luminous and even-toned ...,Google
"AXIS-Y – Quinoa One Step Balanced Gel Cleanser, 180ml",AXIS-Y,cleanser,Quinoa Extract;Centella Asiatica Extract;Green Tea Extract;Calendula Extract;Aloe Vera Leaf Extract;Hyaluronic Acid,180 ml,https://qudobeauty.com/wp-content/uploads/2025/04/buy-axis-y-quinoa-one-step-balanced-gel-cleanser-180ml-at-lila-beauty-korean-and-japanese-beauty-skin-care-810850-300x300.webp,https://qudobeauty.com/product/axis-y-quinoa-one-step-balanced-gel-cleanser-180ml/,https://www.skinnora.com/product/axis-y-quinoa-one-step-balanced-gel-cleanser-180ml/,Korea,"Made in Korea. Exp : 08 Apr, 2028. 1,600.00৳. Out of stock. Compare. Description; Reviews. The AXIS-Y Quinoa One-Step Balanced Gel Cleanser 180ml is a gentle, ...",Google
"Beauty of Joseon – Red Bean Water Gel, 100ml",Beauty of Joseon,exfoliants;cleanser,Red Bean Extract (Haenam Red Bean 44%);Peptide Complex;Niacinamide (Vitamin B3);Panthenol (Vitamin B5);Hyaluronic Acid;Allantoin,100 ml,https://qudobeauty.com/wp-content/uploads/2025/04/K-Beauty-of-Joseon-Red-Bean-Water-Gel-100ml-mit-EAN-8809738316993-300x300.webp,https://qudobeauty.com/product/beauty-of-joseon-red-bean-water-gel-100-ml/,https://lacosmetique.com.au/products/red-bean-water-gel-100ml-1,Korea,Beauty of Joseon Red Bean Water Gel 100ml - Shop K-Beauty in Australia ... Made in Korea. How to use. Apply proper amount of this cream on your face at ...,Google
"COSRX – Low-pH Good Morning Cleanser, 150ml",COSRX,cleanser,Betaine Salicylate (BHA-type exfoliant);Tea Tree Leaf Oil,150 ml,https://qudobeauty.com/wp-content/uploads/2025/04/8809416470511-300x300.avif,https://qudobeauty.com/product/low-ph-good-morning-gel-cleanser-150ml/,https://amarjhuri.com/product/cosrx-low-ph-good-morning-gel-cleanser-150ml/,China,Cosrx Low pH Good Morning Cleanser 150ml Buy Online at Best Prices in Bangladesh AmarJhuri. ... Made in China · Madagascar · MAC · M&S · Lynx · LUX · Lubriderm.,Google
"Dr. Althea – Pure Grinding Cleansing Balm, 50ml",Dr. Althea,cleanser,Ground Botanical Complex;Jojoba Oil & Plant-Based Oils;Centella Asiatica Extract;Green Tea Extract;Hyaluronic Acid,50 ml,https://qudobeauty.com/wp-content/uploads/2025/04/dr-althea-pure-grinding-cleansing-balm-50-ml-300x300.webp,https://qudobeauty.com/product/dr-althea-pure-grinding-cleansing-balm-50-ml/,https://jolse.com/product/dralthea-pure-grinding-cleansing-balm-50ml/73360,Korea,Dr.Althea Pure Grinding Cleansing Balm 50ml ... Rinse thoroughly with lukewarm water. Product Info. Brand : Dr.Althea; All Skin Type; Volume : 50ml; Made in ...,Google
"Heimish – All Clean Balm Mandarin, 120ml",Heimish,cleanser,"Mandarin Extract;Botanical Oils (Coconut, Shea Butter, Citrus Oils);White Flower Complex;Aromatherapeutic Plant Extracts;Balm-to-Oil-to-Milk Texture",120 ml,https://qudobeauty.com/wp-content/uploads/2025/04/Add-a-subheading-57-300x300.jpg,https://qudobeauty.com/product/heimish-all-clean-balm-mandarin-120ml/,https://www.cocomo.sg/products/heimish-all-clean-balm-original-50ml-120ml,Korea,Made In: South Korea. Product Description: Heimish All Clean Balm Original is ... [HEIMISH] All Clean Balm Mandarin 120ml. $18.20 $29.90. Two tubes of ...,Google
Medicube – Zero Pore Pad 2.0 70 Pcs,Medicube,exfoliants;cleanser,AHA & BHA acids;niacinamide;panthenol;moisturizing agents,70 pcs,https://qudobeauty.com/wp-content/uploads/2025/04/cnuuCkYhPP20241120181022-300x300.jpg,https://qudobeauty.com/product/medicube-zero-pore-pad-2-0-70-pcs/,https://shopee.co.th/Medicube-Zero-Pore-Pad-2.0-70-pcs-i.351852126.25139196667,Korea,... Made in Korea . Benefits: Reduces the appearance of enlarged pores ... Medicube Zero Pore Pad 2.0 70 pcs.,Google
Numbuzin – No.4 Pore Zero Peeled Egg Toner Pad – 190ml/70pads,Numbuzin,cleanser,"Anti Sebum P complex (evening primrose extract, arrowroot extract, longleaf pine needle extract, ulmus root extract);PHA & LHA;2% niacinamide;hyaluronic acid, betaine & panthenol",190 ml (70 pads),https://qudobeauty.com/wp-content/uploads/2025/04/images-84.jpeg,https://qudobeauty.com/product/numbuzin-no-4-pore-zero-peeled-egg-toner-pad-190ml-70pads/,https://www.lakinza.ca/collections/korean-skincare-deals-in-canada?page=29,Korea,... numbuzin No.4 Pore Zero Peeled Egg ...,Google
Pyunkang Yul – Low PH Pore Deep Cleansing Foam – 40ml,Pyunkang Yul,cleanser;under-5,white willow bark extract (natural BHA);centella asiatica (cica);tea tree extract;witch hazel extract;hyaluronic acid,40 ml,https://qudobeauty.com/wp-content/uploads/2025/04/Pyunkang_Yul_Low_pH_Pore_Deep_Cleansing_Foam__55191__78214-300x300.jpg,https://qudobeauty.com/product/pyunkang-yul-low-ph-pore-deep-cleansing-foam-40ml/,https://shopee.ph/YOU-Hy!-Amino-Facial-Wash-50g-Anti-Acne-Hydrating-Brightening-Oil-Control-i.328076173.23450434414,Korea,2.Pyunkang Yul Low pH Pore Deep Cleansing Foam 40ml MINI₱165 · 3 ... 9.[Made In Japan] SENKA Perfect Whip 120g Acne-Care/ White Clay/ Collagen-in ...,Google
